verbete;link
Acidente aéreo;https://wikilai.fiquemsabendo.com.br/wiki/Acidentes_a%C3%A9reos
Acordo de leniência;https://wikilai.fiquemsabendo.com.br/wiki/Acordos_de_leni%C3%AAncia
Agendas de autoridades;https://wikilai.fiquemsabendo.com.br/wiki/Agenda_de_autoridades
Arma de fogo;https://wikilai.fiquemsabendo.com.br/wiki/Armas_de_fogo
Ata de reunião;https://wikilai.fiquemsabendo.com.br/wiki/Atas_de_reuni%C3%B5es
Ata da reunião;https://wikilai.fiquemsabendo.com.br/wiki/Atas_de_reuni%C3%B5es
Auxílios emergenciais;https://wikilai.fiquemsabendo.com.br/wiki/Aux%C3%ADlio_emergencial
Auxílios mudança;https://wikilai.fiquemsabendo.com.br/wiki/Aux%C3%ADlio_mudan%C3%A7a
Boletim de ocorrência;https://wikilai.fiquemsabendo.com.br/wiki/Boletins_de_ocorr%C3%AAncia
Bolsa de pesquisa;https://wikilai.fiquemsabendo.com.br/wiki/Bolsas_e_aux%C3%ADlios_para_pesquisas
Auxílio pesquisa; https://wikilai.fiquemsabendo.com.br/wiki/Bolsas_e_aux%C3%ADlios_para_pesquisas
Controladoria-Geral da União;https://wikilai.fiquemsabendo.com.br/wiki/CGU_-_Controladoria-Geral_da_Uni%C3%A3o
CGU;https://wikilai.fiquemsabendo.com.br/wiki/CGU_-_Controladoria-Geral_da_Uni%C3%A3o
CMRI;https://wikilai.fiquemsabendo.com.br/wiki/CMRI_-_Comiss%C3%A3o_Mista_de_Reavalia%C3%A7%C3%A3o_de_Informa%C3%A7%C3%B5es
Comissão Mista de Reavaliação de Informações;https://wikilai.fiquemsabendo.com.br/wiki/CMRI_-_Comiss%C3%A3o_Mista_de_Reavalia%C3%A7%C3%A3o_de_Informa%C3%A7%C3%B5es
Cargos em comissão;https://wikilai.fiquemsabendo.com.br/wiki/Cargos_em_comiss%C3%A3o
Cargos de Confiança;https://wikilai.fiquemsabendo.com.br/wiki/Cargos_em_comiss%C3%A3o
Cargos comissionados;https://wikilai.fiquemsabendo.com.br/wiki/Cargos_em_comiss%C3%A3o
não conhecimento;https://wikilai.fiquemsabendo.com.br/wiki/Conhecimento_e_n%C3%A3o_conhecimento
coronavírus;https://wikilai.fiquemsabendo.com.br/wiki/Covid-19
indeferido;https://wikilai.fiquemsabendo.com.br/wiki/Deferido_ou_indeferido
deferido;https://wikilai.fiquemsabendo.com.br/wiki/Deferido_ou_indeferido
Filas em creches;https://wikilai.fiquemsabendo.com.br/wiki/Fila_em_creches
Fraude em cotas;https://wikilai.fiquemsabendo.com.br/wiki/Fraudes_em_cotas
Fraude no Currículo Lattes;https://wikilai.fiquemsabendo.com.br/wiki/Fraudes_no_Curr%C3%ADculo_Lattes
Funcionário fantasma;https://wikilai.fiquemsabendo.com.br/wiki/Funcion%C3%A1rios_fantasma
Gastos com publicidade digital;https://wikilai.fiquemsabendo.com.br/wiki/Gastos_com_publicidade_digital_e_influenciadores
Gastos com influenciadores;https://wikilai.fiquemsabendo.com.br/wiki/Gastos_com_publicidade_digital_e_influenciadores
Lei de Acesso à Informação no Governo Federal;https://wikilai.fiquemsabendo.com.br/wiki/LAI_no_Governo_Federal
Lei de Acesso à Informação no Judiciário;https://wikilai.fiquemsabendo.com.br/wiki/LAI_no_Judici%C3%A1rio
Lei de Acesso à Informação no Legislativo;https://wikilai.fiquemsabendo.com.br/wiki/LAI_no_Legislativo
Lei de Acesso à Informação nos Estados;https://wikilai.fiquemsabendo.com.br/wiki/LAI_nos_Estados
Lei de Acesso à Informação nos Municípios;https://wikilai.fiquemsabendo.com.br/wiki/LAI_nos_Munic%C3%ADpios
LGPD;https://wikilai.fiquemsabendo.com.br/wiki/LGPD_-_Lei_Geral_de_Prote%C3%A7%C3%A3o_de_Dados
Lei Geral de Proteção de Dados;https://wikilai.fiquemsabendo.com.br/wiki/LGPD_-_Lei_Geral_de_Prote%C3%A7%C3%A3o_de_Dados
LRF;https://wikilai.fiquemsabendo.com.br/wiki/LRF_-_Lei_de_Responsabilidade_Fiscal
Lei de Responsabilidade Fiscal;https://wikilai.fiquemsabendo.com.br/wiki/LRF_-_Lei_de_Responsabilidade_Fiscal
Nota técnica;https://wikilai.fiquemsabendo.com.br/wiki/Notas_t%C3%A9cnicas
Freedom of Information Act;https://wikilai.fiquemsabendo.com.br/wiki/O_que_%C3%A9_FOIA_-_Freedom_of_Information_Act
FOIA;https://wikilai.fiquemsabendo.com.br/wiki/O_que_%C3%A9_FOIA_-_Freedom_of_Information_Act
LAI;https://wikilai.fiquemsabendo.com.br/wiki/O_que_%C3%A9_LAI_-_Lei_de_Acesso_%C3%A0_Informa%C3%A7%C3%A3o
Lei de Acesso à Informação;https://wikilai.fiquemsabendo.com.br/wiki/O_que_%C3%A9_LAI_-_Lei_de_Acesso_%C3%A0_Informa%C3%A7%C3%A3o
Pescaria;https://wikilai.fiquemsabendo.com.br/wiki/Pescaria_ou_fishing_expedition
fishing expedition;https://wikilai.fiquemsabendo.com.br/wiki/Pescaria_ou_fishing_expedition
Processo de impeachment;https://wikilai.fiquemsabendo.com.br/wiki/Processos_de_impeachment
Relatório de auditoria;https://wikilai.fiquemsabendo.com.br/wiki/Relat%C3%B3rios_de_auditoria
Sistema Eletrônico de Informações;https://wikilai.fiquemsabendo.com.br/wiki/SEI_-_Sistema_Eletr%C3%B4nico_de_Informa%C3%A7%C3%B5es
Serviço de Informação ao Cidadão;https://wikilai.fiquemsabendo.com.br/wiki/SIC_-_Servi%C3%A7o_de_Informa%C3%A7%C3%A3o_ao_Cidad%C3%A3o
Sistema de Informações Energéticas;https://wikilai.fiquemsabendo.com.br/wiki/SIE_Brasil_-_Sistema_de_Informa%C3%A7%C3%B5es_Energ%C3%A9ticas
Termo de Classificação de Informação;https://wikilai.fiquemsabendo.com.br/wiki/TCI_-_Termo_de_Classifica%C3%A7%C3%A3o_de_Informa%C3%A7%C3%A3o
Tribunal de Contas da União;https://wikilai.fiquemsabendo.com.br/wiki/TCU_-_Tribunal_de_Contas_da_Uni%C3%A3o
TCU;https://wikilai.fiquemsabendo.com.br/wiki/TCU_-_Tribunal_de_Contas_da_Uni%C3%A3o

